country_name,iso3c,year,e_gdppc,v2x_polyarchy,gini,gini_year,distance_2010,gini_source
Mexico,MEX,2010,32.25,0.661,47.7,2010.0,0.0,World Bank SI.POV.GINI
Suriname,SUR,2010,26.29,0.762,,,,
Sweden,SWE,2010,100.824,0.915,27.7,2010.0,0.0,World Bank SI.POV.GINI
Switzerland,CHE,2010,111.685,0.897,32.6,2010.0,0.0,World Bank SI.POV.GINI
Ghana,GHA,2010,7.728,0.766,42.4,2012.0,2.0,World Bank SI.POV.GINI
South Africa,ZAF,2010,24.992,0.77,60.9,2010.0,0.0,World Bank SI.POV.GINI
Japan,JPN,2010,84.66,0.857,31.5,2010.0,0.0,World Bank SI.POV.GINI
Burma/Myanmar,MMR,2010,9.094,0.118,,,,
Russia,RUS,2010,54.401,0.309,39.5,2010.0,0.0,World Bank SI.POV.GINI
Albania,ALB,2010,21.432,0.55,30.0,2008.0,2.0,World Bank SI.POV.GINI
Egypt,EGY,2010,19.571,0.214,30.2,2010.0,0.0,World Bank SI.POV.GINI
Yemen,YEM,2010,9.479,0.288,,,,
Colombia,COL,2010,26.384,0.626,54.4,2010.0,0.0,World Bank SI.POV.GINI
Poland,POL,2010,45.85,0.894,33.2,2010.0,0.0,World Bank SI.POV.GINI
Brazil,BRA,2010,27.371,0.872,53.7,2009.0,1.0,World Bank SI.POV.GINI
United States of America,USA,2010,126.031,0.902,40.2,2010.0,0.0,World Bank SI.POV.GINI
Portugal,PRT,2010,60.287,0.898,35.8,2010.0,0.0,World Bank SI.POV.GINI
El Salvador,SLV,2010,13.336,0.619,43.5,2010.0,0.0,World Bank SI.POV.GINI
Bangladesh,BGD,2010,5.756,0.427,32.1,2010.0,0.0,World Bank SI.POV.GINI
Bolivia,BOL,2010,10.789,0.685,49.2,2009.0,1.0,World Bank SI.POV.GINI
Haiti,HTI,2010,4.077,0.434,41.1,2012.0,2.0,World Bank SI.POV.GINI
Honduras,HND,2010,9.707,0.402,53.1,2010.0,0.0,World Bank SI.POV.GINI
Mali,MLI,2010,3.864,0.602,33.0,2009.0,1.0,World Bank SI.POV.GINI
Pakistan,PAK,2010,9.215,0.466,28.8,2010.0,0.0,World Bank SI.POV.GINI
Peru,PER,2010,20.653,0.806,45.5,2010.0,0.0,World Bank SI.POV.GINI
Senegal,SEN,2010,5.479,0.683,40.3,2011.0,1.0,World Bank SI.POV.GINI
Sudan,SDN,2010,7.605,0.222,35.4,2009.0,1.0,World Bank SI.POV.GINI
Vietnam,VNM,2010,10.775,0.149,39.3,2010.0,0.0,World Bank SI.POV.GINI
Afghanistan,AFG,2010,3.695,0.353,,,,
Argentina,ARG,2010,44.854,0.761,43.7,2010.0,0.0,World Bank SI.POV.GINI
Ethiopia,ETH,2010,2.862,0.23,33.2,2010.0,0.0,World Bank SI.POV.GINI
India,IND,2010,11.109,0.672,27.8,2009.0,1.0,World Bank SI.POV.GINI
Kenya,KEN,2010,5.752,0.426,,,,
North Korea,PRK,2010,4.093,0.085,,,,
South Korea,KOR,2010,76.43,0.769,32.0,2010.0,0.0,World Bank SI.POV.GINI
Kosovo,XKX,2010,14.214,0.532,33.3,2010.0,0.0,World Bank SI.POV.GINI
Lebanon,LBN,2010,32.136,0.473,31.8,2011.0,1.0,World Bank SI.POV.GINI
Nigeria,NGA,2010,10.596,0.428,35.7,2010.0,0.0,World Bank SI.POV.GINI
Philippines,PHL,2010,12.128,0.529,46.3,2009.0,1.0,World Bank SI.POV.GINI
Tanzania,TZA,2010,4.481,0.468,37.8,2011.0,1.0,World Bank SI.POV.GINI
Taiwan,TWN,2010,92.803,0.804,,,,
Thailand,THA,2010,30.849,0.414,39.4,2010.0,0.0,World Bank SI.POV.GINI
Uganda,UGA,2010,4.321,0.328,44.2,2009.0,1.0,World Bank SI.POV.GINI
Venezuela,VEN,2010,34.341,0.42,,,,
Benin,BEN,2010,4.845,0.643,43.4,2011.0,1.0,World Bank SI.POV.GINI
Bhutan,BTN,2010,18.784,0.601,38.8,2012.0,2.0,World Bank SI.POV.GINI
Burkina Faso,BFA,2010,4.171,0.554,39.8,2009.0,1.0,World Bank SI.POV.GINI
Cambodia,KHM,2010,6.448,0.307,,,,
Indonesia,IDN,2010,18.058,0.688,34.6,2010.0,0.0,World Bank SI.POV.GINI
Mozambique,MOZ,2010,3.203,0.433,45.5,2008.0,2.0,World Bank SI.POV.GINI
Nepal,NPL,2010,4.77,0.549,32.8,2010.0,0.0,World Bank SI.POV.GINI
Nicaragua,NIC,2010,8.245,0.436,43.9,2009.0,1.0,World Bank SI.POV.GINI
Niger,NER,2010,2.074,0.264,31.5,2011.0,1.0,World Bank SI.POV.GINI
Zambia,ZMB,2010,5.695,0.515,52.0,2010.0,0.0,World Bank SI.POV.GINI
Zimbabwe,ZWE,2010,4.171,0.261,43.2,2011.0,1.0,World Bank SI.POV.GINI
Guinea,GIN,2010,3.349,0.232,33.7,2012.0,2.0,World Bank SI.POV.GINI
Ivory Coast,CIV,2010,5.456,0.447,43.2,2008.0,2.0,World Bank SI.POV.GINI
Mauritania,MRT,2010,6.48,0.467,35.7,2008.0,2.0,World Bank SI.POV.GINI
Canada,CAN,2010,100.167,0.833,33.6,2010.0,0.0,World Bank SI.POV.GINI
Australia,AUS,2010,109.397,0.898,34.7,2010.0,0.0,World Bank SI.POV.GINI
Botswana,BWA,2010,27.362,0.717,56.9,2009.0,1.0,World Bank SI.POV.GINI
Burundi,BDI,2010,1.908,0.321,38.6,2013.0,3.0,World Bank SI.POV.GINI
Cape Verde,CPV,2010,13.338,0.782,47.2,2007.0,3.0,World Bank SI.POV.GINI
Central African Republic,CAF,2010,2.26,0.341,56.2,2008.0,2.0,World Bank SI.POV.GINI
Chile,CHL,2010,46.817,0.887,47.4,2009.0,1.0,World Bank SI.POV.GINI
Costa Rica,CRI,2010,30.585,0.911,48.0,2010.0,0.0,World Bank SI.POV.GINI
Timor-Leste,TLS,2010,6.742,0.636,27.8,2007.0,3.0,World Bank SI.POV.GINI
Ecuador,ECU,2010,20.46,0.588,48.8,2010.0,0.0,World Bank SI.POV.GINI
France,FRA,2010,87.975,0.886,33.7,2010.0,0.0,World Bank SI.POV.GINI
Germany,DEU,2010,93.049,0.899,30.2,2010.0,0.0,World Bank SI.POV.GINI
Guatemala,GTM,2010,14.598,0.583,,,,
Iran,IRN,2010,29.933,0.145,42.1,2009.0,1.0,World Bank SI.POV.GINI
Iraq,IRQ,2010,17.739,0.421,29.5,2012.0,2.0,World Bank SI.POV.GINI
Ireland,IRL,2010,105.318,0.901,32.3,2010.0,0.0,World Bank SI.POV.GINI
Italy,ITA,2010,76.988,0.856,34.7,2010.0,0.0,World Bank SI.POV.GINI
Jordan,JOR,2010,21.078,0.24,33.7,2010.0,0.0,World Bank SI.POV.GINI
Latvia,LVA,2010,43.733,0.796,35.0,2010.0,0.0,World Bank SI.POV.GINI
Lesotho,LSO,2010,6.3,0.578,,,,
Liberia,LBR,2010,2.434,0.648,36.4,2007.0,3.0,World Bank SI.POV.GINI
Malawi,MWI,2010,2.788,0.516,45.5,2010.0,0.0,World Bank SI.POV.GINI
Maldives,MDV,2010,27.646,0.596,38.4,2009.0,1.0,World Bank SI.POV.GINI
Mongolia,MNG,2010,13.411,0.679,33.1,2010.0,0.0,World Bank SI.POV.GINI
Morocco,MAR,2010,16.369,0.256,39.5,2013.0,3.0,World Bank SI.POV.GINI
Netherlands,NLD,2010,102.149,0.873,27.8,2010.0,0.0,World Bank SI.POV.GINI
Panama,PAN,2010,36.247,0.744,51.6,2010.0,0.0,World Bank SI.POV.GINI
Papua New Guinea,PNG,2010,8.55,0.458,41.9,2009.0,1.0,World Bank SI.POV.GINI
Qatar,QAT,2010,207.496,0.04,,,,
Sierra Leone,SLE,2010,3.456,0.514,34.0,2011.0,1.0,World Bank SI.POV.GINI
Spain,ESP,2010,74.152,0.891,35.2,2010.0,0.0,World Bank SI.POV.GINI
Syria,SYR,2010,14.76,0.146,40.4,2009.0,1.0,World Bank SI.POV.GINI
Tunisia,TUN,2010,24.319,0.194,38.5,2010.0,0.0,World Bank SI.POV.GINI
Türkiye,TUR,2010,36.886,0.534,38.8,2010.0,0.0,World Bank SI.POV.GINI
Ukraine,UKR,2010,21.71,0.49,24.8,2010.0,0.0,World Bank SI.POV.GINI
United Kingdom,GBR,2010,85.428,0.866,33.7,2010.0,0.0,World Bank SI.POV.GINI
Uruguay,URY,2010,40.624,0.912,44.5,2010.0,0.0,World Bank SI.POV.GINI
Algeria,DZA,2010,25.703,0.322,27.6,2011.0,1.0,World Bank SI.POV.GINI
Angola,AGO,2010,12.758,0.214,42.7,2008.0,2.0,World Bank SI.POV.GINI
Armenia,ARM,2010,19.948,0.33,30.0,2010.0,0.0,World Bank SI.POV.GINI
Azerbaijan,AZE,2010,32.726,0.211,,,,
Belarus,BLR,2010,42.234,0.227,28.6,2010.0,0.0,World Bank SI.POV.GINI
Cameroon,CMR,2010,5.389,0.319,42.8,2007.0,3.0,World Bank SI.POV.GINI
Chad,TCD,2010,4.025,0.283,43.3,2011.0,1.0,World Bank SI.POV.GINI
China,CHN,2010,23.845,0.094,43.7,2010.0,0.0,World Bank SI.POV.GINI
Democratic Republic of the Congo,COD,2010,1.465,0.361,42.1,2012.0,2.0,World Bank SI.POV.GINI
Republic of the Congo,COG,2010,9.693,0.256,48.9,2011.0,1.0,World Bank SI.POV.GINI
Djibouti,DJI,2010,6.557,0.241,45.1,2012.0,2.0,World Bank SI.POV.GINI
Dominican Republic,DOM,2010,24.341,0.614,47.3,2010.0,0.0,World Bank SI.POV.GINI
Eritrea,ERI,2010,3.876,0.068,,,,
Gabon,GAB,2010,25.015,0.372,,,,
The Gambia,GMB,2010,4.579,0.242,43.6,2010.0,0.0,World Bank SI.POV.GINI
Georgia,GEO,2010,20.061,0.501,39.5,2010.0,0.0,World Bank SI.POV.GINI
Guinea-Bissau,GNB,2010,3.217,0.444,50.6,2010.0,0.0,World Bank SI.POV.GINI
Jamaica,JAM,2010,16.511,0.776,,,,
Kazakhstan,KAZ,2010,43.19,0.238,28.0,2010.0,0.0,World Bank SI.POV.GINI
Kyrgyzstan,KGZ,2010,9.496,0.383,30.1,2010.0,0.0,World Bank SI.POV.GINI
Laos,LAO,2010,9.042,0.091,36.0,2012.0,2.0,World Bank SI.POV.GINI
Libya,LBY,2010,40.504,0.072,,,,
Madagascar,MDG,2010,2.781,0.226,42.4,2010.0,0.0,World Bank SI.POV.GINI
Moldova,MDA,2010,10.937,0.6,32.1,2010.0,0.0,World Bank SI.POV.GINI
Namibia,NAM,2010,18.411,0.635,61.0,2009.0,1.0,World Bank SI.POV.GINI
Palestine/West Bank,PSE,2010,,0.249,35.3,2010.0,0.0,World Bank SI.POV.GINI
Rwanda,RWA,2010,3.737,0.218,47.2,2010.0,0.0,World Bank SI.POV.GINI
Somalia,SOM,2010,5.953,0.192,,,,
Sri Lanka,LKA,2010,19.793,0.39,36.1,2009.0,1.0,World Bank SI.POV.GINI
Eswatini,SWZ,2010,16.506,0.126,51.4,2009.0,1.0,World Bank SI.POV.GINI
Tajikistan,TJK,2010,6.764,0.227,30.8,2009.0,1.0,World Bank SI.POV.GINI
Togo,TGO,2010,2.838,0.417,46.0,2011.0,1.0,World Bank SI.POV.GINI
Trinidad and Tobago,TTO,2010,72.458,0.775,,,,
Turkmenistan,TKM,2010,30.729,0.144,,,,
Palestine/Gaza,PSE,2010,,0.144,35.3,2010.0,0.0,World Bank SI.POV.GINI
Somaliland,,2010,,0.42,,,,
Uzbekistan,UZB,2010,16.477,0.162,,,,
Austria,AUT,2010,94.298,0.872,30.3,2010.0,0.0,World Bank SI.POV.GINI
Bahrain,BHR,2010,59.397,0.216,,,,
Barbados,BRB,2010,36.574,0.783,,,,
Belgium,BEL,2010,92.563,0.904,28.4,2010.0,0.0,World Bank SI.POV.GINI
Bosnia and Herzegovina,BIH,2010,20.361,0.57,33.3,2011.0,1.0,World Bank SI.POV.GINI
Bulgaria,BGR,2010,37.669,0.678,35.7,2010.0,0.0,World Bank SI.POV.GINI
Comoros,COM,2010,3.946,0.439,,,,
Croatia,HRV,2010,44.744,0.846,32.4,2010.0,0.0,World Bank SI.POV.GINI
Cuba,CUB,2010,16.777,0.167,,,,
Cyprus,CYP,2010,68.196,0.848,31.5,2010.0,0.0,World Bank SI.POV.GINI
Czechia,CZE,2010,63.025,0.886,26.6,2010.0,0.0,World Bank SI.POV.GINI
Denmark,DNK,2010,101.478,0.922,27.2,2010.0,0.0,World Bank SI.POV.GINI
Equatorial Guinea,GNQ,2010,96.533,0.18,,,,
Estonia,EST,2010,51.205,0.881,32.0,2010.0,0.0,World Bank SI.POV.GINI
Fiji,FJI,2010,18.049,0.134,40.4,2008.0,2.0,World Bank SI.POV.GINI
Finland,FIN,2010,86.927,0.882,27.7,2010.0,0.0,World Bank SI.POV.GINI
Greece,GRC,2010,60.574,0.907,34.1,2010.0,0.0,World Bank SI.POV.GINI
Guyana,GUY,2010,17.705,0.58,,,,
Hong Kong,HKG,2010,,0.373,,,,
Iceland,ISL,2010,97.155,0.879,26.2,2010.0,0.0,World Bank SI.POV.GINI
Israel,ISR,2010,72.536,0.749,42.6,2010.0,0.0,World Bank SI.POV.GINI
Kuwait,KWT,2010,131.188,0.32,,,,
Lithuania,LTU,2010,46.094,0.846,33.6,2010.0,0.0,World Bank SI.POV.GINI
Luxembourg,LUX,2010,154.109,0.875,30.5,2010.0,0.0,World Bank SI.POV.GINI
North Macedonia,MKD,2010,25.737,0.528,40.1,2010.0,0.0,World Bank SI.POV.GINI
Malaysia,MYS,2010,43.062,0.332,43.6,2011.0,1.0,World Bank SI.POV.GINI
Malta,MLT,2010,59.575,0.821,29.0,2010.0,0.0,World Bank SI.POV.GINI
Mauritius,MUS,2010,43.834,0.75,38.5,2012.0,2.0,World Bank SI.POV.GINI
Montenegro,MNE,2010,29.306,0.498,28.9,2010.0,0.0,World Bank SI.POV.GINI
New Zealand,NZL,2010,76.563,0.896,,,,
Norway,NOR,2010,139.88,0.902,25.7,2010.0,0.0,World Bank SI.POV.GINI
Oman,OMN,2010,65.556,0.157,,,,
Paraguay,PRY,2010,15.718,0.64,51.0,2010.0,0.0,World Bank SI.POV.GINI
Romania,ROU,2010,30.736,0.681,35.5,2010.0,0.0,World Bank SI.POV.GINI
Sao Tome and Principe,STP,2010,6.728,0.677,30.8,2010.0,0.0,World Bank SI.POV.GINI
Saudi Arabia,SAU,2010,68.557,0.02,,,,
Serbia,SRB,2010,24.033,0.612,29.0,2010.0,0.0,World Bank SI.POV.GINI
Seychelles,SYC,2010,46.162,0.477,46.8,2013.0,3.0,World Bank SI.POV.GINI
Singapore,SGP,2010,119.865,0.39,,,,
Slovakia,SVK,2010,53.909,0.852,27.3,2010.0,0.0,World Bank SI.POV.GINI
Slovenia,SVN,2010,65.439,0.873,24.9,2010.0,0.0,World Bank SI.POV.GINI
Solomon Islands,SLB,2010,7.703,0.549,37.1,2012.0,2.0,World Bank SI.POV.GINI
Vanuatu,VUT,2010,6.915,0.735,37.4,2010.0,0.0,World Bank SI.POV.GINI
United Arab Emirates,ARE,2010,115.219,0.071,32.5,2013.0,3.0,World Bank SI.POV.GINI
Hungary,HUN,2010,44.881,0.81,29.4,2010.0,0.0,World Bank SI.POV.GINI
Zanzibar,,2010,,0.311,,,,
